Scouter Name,Team #,Alliance,Match Number,Quaification Match,Quarterfinal Match,Semifinal Match,Final Match,Starting Level,Hatches Level 1,Hatches Level 2,Hatches Level 3,Cargo Level 1,Cargo Level 2,Cargo Level 3,Endgame Level 1,Endgame Level 2,Endgame Level 3,Robot Disabled,Robot Carry Level 1,Robot Carry Level 2,Robot Carry Level 3
zac,2046,Blue,1,Yes,No,No,No,02,2,2,2,2,2,4,0,0,1,0,0,0,0
ivan,2992,Red,1,Yes,No,No,No,1,0,0,0,3,0,0,0,0,1,0,1,0,0
bella,6885,Red,1,Yes,No,No,No,1,0,0,0,0,0,0,0,0,0,1,0,0,0
mikayla,5803,Blue,2,Yes,No,No,No,2,3,0,0,1,0,0,0,0,1,0,0,0,0
bella,2976,Red,2,Yes,No,No,No,1,0,0,0,0,0,0,0,0,0,0,0,0,0
zac,4013,Blue,2,Yes,No,No,No,2,0,0,0,4,0,0,1,0,1,0,0,0,0
Alyssa,4499,Red,2,Yes,No,No,No,2,1,0,0,1,0,0,0,1,0,0,0,0,0STOPPER
bella,7461,Red,3,Yes,No,No,No,2,0,0,0,0,0,0,1,0,0,0,0,0,0
mikayla,4910,Blue,3,Yes,No,No,No,2,4,0,0,0,0,0,1,0,1,0,0,0,0
zac,691,Blue,3,Yes,No,No,No,2,3,0,0,0,0,0,1,0,0,0,0,0,0
JVD,1899,Blue,3,Yes,No,No,No,1,0,0,0,0,0,0,0,0,0,0,0,0,0
mikayla,7607,Blue,4,Yes,No,No,No,2,0,0,0,1,0,0,1,0,1,0,0,0,0
bella,6988,Red,4,Yes,No,No,No,1,2,0,0,5,0,0,1,1,0,0,0,0,0
JVD,6704,Blue,4,Yes,No,No,No,1,0,0,0,0,0,0,1,0,0,0,0,0,0
zac,7447,Blue,4,Yes,No,No,No,2,0,0,0,4,0,0,0,1,0,0,0,0,0
Alyssa,4550,Red,4,Yes,No,No,No,1,0,0,0,2,0,0,0,0,0,0,0,0,0
JVD,6838,Blue,5,Yes,No,No,No,0,0,0,0,0,0,0,0,0,0,1,0,0,0
bella,6506,Red,5,Yes,No,No,No,2,0,0,0,2,0,0,0,1,0,0,0,0,0
ivan,4192,Red,5,Yes,No,No,No,2,2,0,0,0,0,0,0,0,1,0,0,0,0
mikayla,7787,Blue,5,Yes,No,No,No,1,1,0,0,1,0,0,0,0,1,1,0,0,0
zac,3946,Blue,5,Yes,No,No,No,2,0,0,0,2,0,0,1,0,0,0,0,0,1
Alyssa,6907,Red,5,Yes,No,No,No,1,1,0,0,0,0,0,0,1,0,0,0,0,0
zac,5887,Blue,6,Yes,No,No,No,0,0,0,0,0,0,0,0,0,0,0,0,0,0
bella,1987,Red,6,Yes,No,No,No,2,1,0,0,7,0,0,1,0,0,0,0,0,0
mikayla,4043,Blue,6,Yes,No,No,No,1,3,0,0,2,0,0,1,0,0,0,0,0,0
ivan,7635,Red,5,Yes,No,No,No,0,0,0,0,0,0,0,0,0,0,1,0,0,0
Alyssa,6064,Red,6,Yes,No,No,No,2,1,0,0,0,0,0,1,0,0,1,0,0,0
JVD,1311,Blue,6,Yes,No,No,No,2,4,0,0,4,0,0,0,0,0,0,0,0,0
Alyssa,6064,Red,6,Yes,No,No,No,2,1,0,0,0,0,0,1,0,0,1,0,0,0
Alyssa,6064,Red,6,Yes,No,No,No,2,1,0,0,0,0,0,1,0,0,1,0,0,0
Alyssa,6064,Red,6,Yes,No,No,No,2,1,0,0,0,0,0,1,0,0,1,0,0,0
mikayla,7433,Blue,7,Yes,No,No,No,1,1,0,0,1,0,0,0,0,1,0,0,0,0
ivan,5013,Red,7,Yes,No,No,No,2,0,0,0,0,0,0,0,0,0,0,0,0,0
zac,3824,Blue,7,Yes,No,No,No,2,0,0,0,0,0,0,0,1,0,0,0,0,0
bella,6413,Red,7,Yes,No,No,No,2,1,0,0,0,0,0,1,0,0,0,0,0,0
Alyssa,6919,Red,7,Yes,No,No,No,1,2,0,0,0,0,0,1,0,0,0,0,0,0
JVD,3476,Blue,7,Yes,No,No,No,1,2,2,2,5,2,2,1,0,0,0,0,0,0
zac,832,Blue,8,Yes,No,No,No,1,1,0,0,4,0,0,0,1,0,0,0,0,0
mikayla,3616,Blue,8,Yes,No,No,No,0,2,0,0,0,0,0,1,0,0,0,0,0,0
Alyssa,5700,Red,8,Yes,No,No,No,2,0,0,0,3,0,0,1,0,0,0,0,0,0
Alyssa,5700,Red,8,Yes,No,No,No,2,0,0,0,3,0,0,1,0,0,0,0,0,0
JVD,7443,Blue,8,Yes,No,No,No,2,1,0,0,0,0,0,0,0,0,0,0,0,0
bella,6814,Red,8,Yes,No,No,No,1,6,0,0,0,0,0,0,0,0,0,1,0,0
ivan,2714,Red,8,Yes,No,No,No,2,2,0,0,3,0,0,1,0,0,0,0,0,0
mikayla,59,Blue,9,Yes,No,No,No,2,5,0,0,4,0,0,1,0,0,0,0,0,0
Alyssa,4183,Red,9,No,No,No,No,1,1,0,0,0,0,0,1,0,0,0,0,0,0
ivan,1477,Red,9,Yes,No,No,No,2,4,0,0,2,0,0,1,0,0,0,0,0,0
zac,3635,Blue,9,Yes,No,No,No,01,1,0,0,3,0,0,1,0,0,0,0,0,0
JVD,7427,Blue,9,Yes,No,No,No,1,1,0,0,0,0,0,0,0,1,0,0,0,0
bella,2441,Red,9,Yes,No,No,No,2,0,0,0,5,0,0,0,0,0,0,0,0,1
bella,2634,Red,10,Yes,No,No,No,1,0,0,0,0,0,0,1,0,0,0,0,0,0
Alyssa,2710,Red,10,Yes,No,No,No,2,0,0,0,0,0,0,1,0,0,0,0,0,0
ivan,5022,Red,10,Yes,No,No,No,1,5,0,0,0,0,0,1,0,0,0,0,0,0
mikayla,1425,Blue,10,Yes,No,No,No,2,1,2,2,1,0,0,0,0,1,0,0,0,0
zac,2357,Blue,10,Yes,No,No,No,01,3,0,0,4,0,0,1,0,0,0,0,0,0
JVD,3663,Blue,10,Yes,No,No,No,1,1,0,0,4,0,0,1,0,0,0,0,0,0
bella,3794,Red,11,Yes,No,No,No,2,0,0,0,0,0,0,0,0,0,0,0,0,0
Alyssa,4063,Red,11,Yes,No,No,No,2,1,0,0,0,0,0,0,0,1,1,0,0,0
ivan,3834,Red,11,Yes,No,No,No,1,0,0,0,0,0,0,0,0,0,0,0,0,0
null,null,null,null,null,null,null,null,2,1,0,0,0,0,0,1,0,0,0,0,0,0
mikayla,4087,Blue,11,No,No,No,No,2,1,0,0,0,0,0,1,0,0,0,0,0,0
JVD,744,Blue,11,Yes,No,No,No,1,2,0,0,0,0,0,1,0,0,0,0,0,0
mikayla,2992,Blue,12,No,No,No,No,2,1,0,0,2,0,0,0,0,1,0,0,0,0
bella,1671,Red,12,Yes,No,No,No,2,1,0,0,3,0,0,0,0,1,0,0,0,0
Alyssa,7787,Red,12,Yes,No,No,No,1,0,0,0,0,0,0,1,0,0,0,0,0,0
zac,7451,Blue,12,No,No,No,No,1,2,1,2,0,0,0,0,1,0,0,0,0,0
ivan,3735,Red,12,No,No,No,No,2,4,0,0,0,0,0,0,0,0,0,0,0,0
JVD,1987,Blue,12,Yes,No,No,No,2,0,0,0,1,1,0,0,0,0,0,0,0,0
mikayla,4499,Blue,13,No,No,No,No,2,2,0,0,3,0,0,0,0,1,0,0,0,0
ivan,7461,Red,13,Yes,No,No,No,1,0,0,0,0,0,0,0,0,0,0,0,0,0
bella,6064,Red,13,Yes,No,No,No,2,4,0,0,2,0,0,0,1,1,0,0,0,0
Sarah C,4192,Blue,13,Yes,No,No,No,2,2,0,0,0,0,0,1,0,0,0,0,0,0
Alyssa,2046,Red,13,Yes,No,No,No,2,2,0,0,3,0,0,0,0,0,0,0,0,0
JVD,6988,Blue,13,Yes,No,No,No,1,0,0,0,3,0,0,1,0,0,0,0,0,0
JVD,3616,Blue,14,Yes,No,No,No,2,2,0,0,0,0,0,1,0,0,0,0,0,0
mikayla,4013,Blue,14,No,No,No,No,1,1,0,0,4,0,0,0,1,0,0,0,0,0
Sarah C,6506,Blue,14,Yes,No,No,No,2,0,0,0,4,0,0,0,0,0,0,0,0,0
Alyssa,1311,Red,14,Yes,No,No,No,2,1,2,0,2,0,0,1,0,0,0,0,0,0
ivan,7433,Red,14,Yes,No,No,No,1,1,0,0,4,0,0,0,0,1,0,0,0,0
hailey,6685,Blue,15,Yes,No,No,No,0,0,0,0,0,0,0,0,0,0,1,0,0,0
Daphne,2710,Blue,15,Yes,No,No,No,1,0,0,0,6,0,0,0,1,0,0,0,0,0
Alyssa,3476,Red,15,Yes,No,No,No,1,2,2,2,3,2,2,1,0,0,0,0,0,0
Kelly,6814,Red,15,Yes,No,No,No,1,0,0,0,0,0,0,0,0,0,1,0,0,0
Kelly,6814,Red,15,Yes,No,No,No,1,0,0,0,0,0,0,0,0,0,1,0,0,0
ethan,5803,Blue,16,Yes,No,No,No,2,3,0,0,4,0,0,0,0,1,0,1,0,0
Courtney,5887,Red,16,No,No,No,No,2,0,0,0,0,0,0,1,0,0,0,0,0,0
Daphne,744,Blue,16,Yes,No,No,No,1,0,2,0,0,0,0,0,0,0,1,0,0,0
Kelly,5022,Red,16,Yes,No,No,No,1,3,0,0,1,0,0,1,0,0,0,0,0,0
hailey,7427,Blue,16,No,No,No,No,1,1,0,0,3,0,0,1,0,0,0,0,0,0
Courtney,6919,Red,17,Yes,No,No,No,1,3,0,0,0,0,0,0,0,1,0,0,0,0
Alyssa,2158,Red,17,No,No,No,No,2,0,0,0,4,0,0,1,0,0,0,0,0,0
hailey,832,Blue,17,Yes,No,No,No,1,0,0,0,2,0,0,0,0,1,0,0,0,0
Daphne,6934,Blue,17,Yes,No,No,No,0,0,0,0,0,0,0,1,0,0,0,1,0,0
grant Cozzi,2441,Blue,17,Yes,No,No,No,2,0,0,0,0,0,0,1,0,1,0,0,0,0
Kelly,4087,Red,17,Yes,No,No,No,2,1,0,0,0,0,0,1,0,0,0,0,0,0
Courtney,2357,Red,18,Yes,No,No,No,1,1,1,0,2,0,0,1,0,1,0,0,0,0
Kelly,2438,Red,18,Yes,No,No,No,2,1,0,0,0,0,0,1,0,0,0,0,0,0
Alyssa,3635,Red,18,No,No,No,No,1,2,0,0,5,0,0,1,0,0,0,0,0,0
Daphne,7607,Blue,18,Yes,No,No,No,2,0,0,0,3,0,0,1,0,0,0,0,0,0
grant Cozzi,3834,Blue,18,No,No,No,No,1,0,0,0,0,0,0,1,0,0,0,0,0,0
null,null,null,null,null,null,null,null,2,3,0,0,2,0,0,1,0,0,0,0,0,0
null,null,null,null,null,null,null,null,2,3,0,0,2,0,0,1,0,0,0,0,0,0
null,null,null,null,null,null,null,null,2,3,0,0,2,0,0,1,0,0,0,0,0,0
null,null,null,null,null,null,null,null,2,3,0,0,2,0,0,1,0,0,0,0,0,0
Alyssa,5013,Red,19,Yes,No,No,No,2,0,0,0,6,0,0,1,0,0,0,0,0,0
Courtney,1072,Red,19,Yes,No,No,No,2,4,0,0,2,0,0,1,0,1,0,0,0,0
Kelly,6704,Red,19,Yes,No,No,No,1,1,0,0,0,0,0,0,0,0,1,0,0,0
hailey,4020,Blue,19,Yes,No,No,No,1,1,0,0,5,0,0,0,0,1,0,0,0,0
grant Cozzi,6838,Blue,19,Yes,No,No,No,2,0,0,0,5,0,0,1,0,0,0,0,0,0
hailey,5700,Blue,18,Yes,No,No,No,2,3,0,0,2,0,0,1,0,0,0,0,0,0
Daphne,3794,Blue,19,Yes,No,No,No,2,0,1,2,0,0,0,0,0,0,0,0,0,0
Courtney,2122,Red,20,Yes,No,No,No,1,1,2,2,1,1,1,0,1,0,0,0,0,0
Daphne,6907,Blue,20,Yes,No,No,No,1,0,0,0,9,0,0,0,1,0,0,0,0,0
hailey,6413,Blue,20,No,No,No,No,2,0,0,0,0,0,0,1,0,0,0,0,0,0
Alyssa,1425,Red,20,Yes,No,No,No,1,2,0,0,4,1,0,0,0,1,0,0,0,0
grant Cozzi,3735,Blue,20,Yes,No,No,No,2,6,0,0,1,0,0,0,1,0,0,0,0,0
Kelly,1477,Red,20,Yes,No,No,No,2,3,0,0,2,0,1,0,1,0,0,0,0,0
grant Cozzi,4063,Blue,21,Yes,No,No,No,1,1,0,0,0,0,0,0,0,1,0,0,0,0
Alyssa,3663,Red,21,Yes,No,No,No,2,0,1,0,8,0,0,0,0,1,0,0,0,0
Courtney,59,Red,21,Yes,No,No,No,2,2,3,0,0,0,0,0,1,0,0,0,0,0
Kelly,4043,Red,21,Yes,No,No,No,1,4,0,0,4,0,0,1,0,0,0,0,0,0
Kelly,4043,Red,21,Yes,No,No,No,1,4,0,0,4,0,0,1,0,0,0,0,0,0
Kelly,4043,Red,21,Yes,No,No,No,1,4,0,0,4,0,0,1,0,0,0,0,0,0
Daphne,7121,Blue,21,Yes,No,No,No,2,1,0,0,6,0,0,0,0,1,0,0,0,0
hailey,2714,Blue,21,Yes,No,No,No,2,0,2,2,1,0,2,0,0,1,0,0,0,0
Daphne,2637,Blue,22,Yes,No,No,No,2,0,0,0,3,0,0,0,1,0,0,0,0,0
Courtney,2976,Red,22,Yes,No,No,No,1,3,2,2,2,1,0,1,0,0,0,0,0,0
Alyssa,4183,Red,22,Yes,No,No,No,1,1,0,0,5,0,0,0,0,1,0,0,0,0
grant Cozzi,691,Blue,22,Yes,No,No,No,2,2,3,0,0,0,0,1,0,0,0,0,0,0
hailey,7451,Blue,22,Yes,No,No,No,2,3,0,0,0,0,0,1,0,0,0,0,0,0
Kelly,3824,Red,22,Yes,No,No,No,2,0,0,0,0,0,0,1,0,0,0,0,0,0
Daphne,5887,Blue,23,Yes,No,No,No,2,0,0,0,0,0,0,1,0,0,0,0,0,0
Courtney,4499,Red,23,Yes,No,No,No,2,3,0,0,2,0,0,0,0,1,0,0,0,0
hailey,6485,Blue,23,Yes,No,No,No,2,2,0,0,2,0,0,1,0,0,0,0,0,0
Kelly,7443,Red,23,Yes,No,No,No,2,0,0,0,0,0,0,1,0,0,0,0,0,0
Alyssa,4550,Red,23,Yes,No,No,No,1,1,0,0,3,0,0,1,0,0,0,0,0,0
Grant Cozzi,3964,Blue,23,No,No,No,No,2,0,0,0,4,0,0,0,1,0,0,0,0,0
Daphne,2441,Blue,24,No,No,No,No,1,0,0,0,0,0,0,0,0,0,1,0,0,0
Alyssa,4192,Red,24,Yes,No,No,No,2,2,0,0,1,0,0,0,1,0,0,0,0,0
Courtney,7635,Red,24,Yes,No,No,No,2,0,0,0,0,0,0,0,0,0,1,0,0,0
hailey,7461,Blue,24,Yes,No,No,No,2,0,0,0,2,0,0,0,1,0,0,0,0,0
Courtney,6064,Red,25,Yes,No,No,No,2,0,0,0,6,0,0,0,1,0,0,0,0,0
kelly,3616,Red,25,No,No,No,No,1,1,0,0,0,0,0,1,0,0,0,0,0,0
Daphne,6907,Blue,25,Yes,No,No,No,1,2,0,0,6,0,0,0,0,0,0,0,0,0
Alyssa,3735,Red,25,No,No,No,No,2,4,1,0,1,0,0,0,1,0,0,0,0,0
hailey,3476,Blue,25,Yes,No,No,No,1,0,1,0,0,0,0,1,0,0,0,0,0,0
Grant,4087,Blue,25,Yes,No,No,No,2,1,0,0,0,0,0,0,0,1,0,0,0,0
hailey,1671,Red,24,Yes,No,No,No,1,0,0,0,0,0,0,0,0,1,0,0,0,0
Courtney,7427,Red,26,Yes,No,No,No,1,5,0,0,0,1,0,1,0,0,0,0,0,0
Daphne,6704,Blue,26,Yes,No,No,No,1,1,0,0,0,0,0,1,0,0,0,0,0,0
kelly,6413,Red,26,Yes,No,No,No,2,0,0,0,0,0,0,1,0,0,0,0,0,0
Alyssa,832,Red,26,Yes,No,No,No,1,0,1,0,2,0,1,1,0,0,0,0,0,0
hailey,6506,Blue,26,Yes,No,No,No,2,0,0,0,1,0,0,1,0,0,1,0,0,0
Alyssa,6838,Red,27,Yes,No,No,No,2,0,0,0,5,1,0,1,0,0,0,0,0,0
kelly,4910,Red,27,No,No,No,No,1,3,2,0,2,1,0,0,0,1,0,0,0,0
Courtney,3834,Red,27,Yes,No,No,No,1,0,0,0,0,0,0,1,0,0,0,0,0,0
hailey,59,Blue,27,Yes,No,No,No,2,1,0,0,0,0,0,0,0,0,1,0,0,0
Daphne,2714,Blue,27,Yes,No,No,No,2,1,0,1,3,0,0,1,0,0,0,0,0,0
Grant,5022,Blue,27,Yes,No,No,No,2,1,0,0,3,0,0,1,0,0,0,0,0,0
Daphne,2710,Blue,28,Yes,No,No,No,2,0,0,0,3,0,0,0,1,0,0,0,0,0
kelly,2438,Red,28,Yes,No,No,No,1,0,0,0,0,0,0,0,0,0,1,0,0,0
hailey,4043,Blue,28,Yes,No,No,No,1,5,0,0,4,0,0,1,0,0,0,0,0,0
Courtney,7787,Red,28,Yes,No,No,No,2,0,0,0,4,0,0,1,0,0,0,0,0,0
Alyssa,691,Red,28,Yes,No,No,No,2,4,1,0,0,0,0,1,0,0,0,0,0,0
Grant,7044,Blue,28,Yes,No,No,No,0,1,0,0,0,0,0,1,0,0,0,0,0,0
brett,1477,Blue,29,No,No,No,No,2,1,0,0,3,0,0,0,0,1,0,0,0,0
ricky ,7451,Red,29,Yes,No,No,No,2,2,1,1,0,0,0,1,0,0,0,0,0,0
Antonio,2976,Red,29,Yes,No,No,No,1,3,0,0,3,0,0,0,0,0,0,0,0,0
michael,5700,Blue,29,Yes,No,No,No,2,1,0,0,2,0,0,1,0,0,1,0,0,0
Ram,2168,Blue,29,Yes,No,No,No,1,0,0,0,0,0,0,0,0,0,0,0,0,0
Antonio,7433,Red,30,Yes,No,No,No,1,1,0,0,4,0,0,0,0,1,0,0,0,0
michael,1425,Blue,30,Yes,No,No,No,2,2,0,0,3,0,0,0,0,1,0,0,0,0
Ram,4550,Blue,30,Yes,No,No,No,1,2,0,0,2,0,0,0,0,0,0,0,0,0
brett,6934,Blue,30,Yes,No,No,No,2,0,0,0,0,0,0,1,0,0,0,0,0,0
donald,3635,Red,30,Yes,No,No,No,01,2,0,0,0,0,0,1,0,1,0,0,0,0
ricky ,4013,Red,30,Yes,No,No,No,2,0,0,0,0,0,0,0,0,0,0,0,0,0
Antonio,6919,Red,31,Yes,No,No,No,1,0,0,0,0,0,0,1,0,0,0,0,0,0
Antonio,2357,Red,32,Yes,No,No,No,1,2,0,0,2,0,0,1,0,0,0,0,0,0
brett,2992,Blue,32,Yes,No,No,No,2,0,0,0,3,0,0,0,1,0,0,0,0,0
fernando,1899,Red,32,Yes,No,No,No,1,0,0,0,0,0,0,1,0,0,0,0,0,0
ricky,2122,Red,32,Yes,No,No,No,0,2,2,1,0,2,2,0,0,1,0,0,0,0
Ram,4183,Blue,32,Yes,No,No,No,1,0,0,0,3,0,0,0,0,0,0,1,0,0
Ram,6814,Blue,33,Yes,No,No,No,2,2,0,0,1,0,0,0,0,0,0,0,0,0
Antonio,6485,Red,33,Yes,No,No,No,1,2,2,0,3,0,0,1,0,0,0,0,0,0
maverick,7447,Blue,33,Yes,No,No,No,2,1,0,0,4,0,0,1,0,1,0,0,0,0
ricky,2637,Red,33,Yes,No,No,No,2,1,0,0,3,0,0,0,1,0,0,0,0,0
brett,3794,Blue,33,Yes,No,No,No,1,0,1,0,0,0,0,1,0,0,0,0,0,0
fernando,7607,Red,33,Yes,No,No,No,2,0,0,0,0,0,0,1,0,0,1,0,0,0
brett,1072,Blue,34,Yes,No,No,No,2,2,0,0,2,0,0,0,0,0,0,0,0,0
Ram,6988,Blue,34,Yes,No,No,No,0,0,0,0,4,0,0,0,0,0,0,0,0,0
Antonio,1311,Red,34,Yes,No,No,No,1,2,0,2,1,1,1,0,0,0,0,0,0,0
fernando,744,Red,34,Yes,No,No,No,1,2,2,1,1,2,1,1,0,1,0,0,0,0
ricky,3824,Red,34,Yes,No,No,No,2,0,0,0,3,0,0,0,0,0,0,0,0,0
Ivan,7121,Blue,34,Yes,No,No,No,1,3,0,0,3,0,0,1,0,0,0,0,0,0
Antonio,4499,Red,35,Yes,No,No,No,2,1,0,0,5,0,0,0,1,0,0,0,0,0
ricky,4087,Red,35,Yes,No,No,No,2,3,0,0,0,0,0,0,0,1,0,0,0,0
Ivan,5022,Blue,37,No,No,No,No,1,2,0,0,5,0,0,0,0,0,0,0,0,0
brett,6064,Blue,36,No,No,No,No,2,2,0,0,1,0,0,0,0,0,0,0,0,0
Ram,59,Red,36,Yes,No,No,No,0,2,0,0,2,2,1,0,0,0,0,0,0,0
Antonio,2976,Red,36,Yes,No,No,No,1,2,2,2,0,0,1,0,0,0,0,0,0,0
Ram,7433,Blue,34,Yes,No,No,No,1,1,0,0,1,0,0,0,0,0,0,0,0,0
brett,6506,Blue,40,Yes,No,No,No,2,0,0,0,1,0,0,1,0,0,1,0,0,0
fernando,3824,Red,40,Yes,No,No,No,2,1,0,0,0,0,0,1,0,0,0,0,0,0
Antonio,3794,Red,40,Yes,No,No,No,1,3,1,1,0,0,0,1,0,0,0,0,0,0
Ram,1425,Blue,40,Yes,No,No,No,1,2,0,0,2,0,0,1,0,0,0,0,0,0
Antonio,6919,Red,41,No,No,No,No,1,1,0,0,0,0,0,0,0,1,0,0,0,0
brett,3735,Blue,41,Yes,No,No,No,2,0,0,0,1,0,0,0,1,0,0,0,0,0
ricky,7447,Red,34,Yes,No,No,No,2,1,0,0,3,0,0,1,0,0,0,0,0,0
Ram,2357,Blue,41,Yes,No,No,No,1,0,0,0,4,0,0,1,0,0,0,0,0,0
fernando,691,Red,41,No,No,No,No,2,3,0,0,0,0,0,1,0,0,0,0,0,0
michael,2992,Blue,41,Yes,No,No,No,2,2,1,0,1,0,0,1,0,0,0,0,0,0
Antonio,1072,Red,42,Yes,No,No,No,2,0,0,0,0,0,0,1,0,0,0,0,0,0
brett,6485,Blue,42,Yes,No,No,No,1,0,0,0,5,0,0,1,0,0,0,0,0,0STOPPER
ricky,4910,Red,42,Yes,No,No,No,1,3,2,0,3,0,0,0,0,0,0,0,0,0
Ram,6704,Blue,42,Yes,No,No,No,1,2,0,0,0,0,0,1,0,0,0,0,0,0
michael,2122,Blue,42,Yes,No,No,No,1,2,2,2,3,0,0,1,0,0,0,0,0,0
Jon,3476,Red,43,Yes,No,No,No,1,2,2,2,2,2,2,1,0,0,0,0,0,0
skyler,7461,Blue,43,Yes,No,No,No,1,1,0,0,0,0,0,1,0,0,0,0,0,0
Courtney,6838,Blue,43,Yes,No,No,No,2,0,0,0,10,0,0,1,0,0,0,0,0,0
sarah c,1987,Red,43,Yes,No,No,No,2,2,0,0,3,0,0,0,1,0,0,0,0,0
hailey,2637,Red,43,No,No,No,No,2,1,0,0,0,0,0,1,0,0,0,0,0,0
ethan,4013,Blue,43,No,No,No,No,2,3,0,0,0,0,0,1,0,0,0,0,0,0
sarah c,7787,Red,44,Yes,No,No,No,1,0,0,0,0,0,0,1,0,0,0,0,0,0
skyler,7607,Blue,44,Yes,No,No,No,2,0,0,0,0,0,0,1,0,0,0,0,0,0
Courtney,7121,Blue,44,Yes,No,No,No,2,0,0,0,8,0,0,1,0,0,0,0,0,0
Jon,5013,Red,44,Yes,No,No,No,1,1,0,0,3,0,0,0,0,1,0,0,0,0
hailey,7635,Red,44,Yes,No,No,No,2,0,0,0,3,0,0,1,0,0,0,0,0,0
ethan,3616,Blue,44,Yes,No,No,No,1,4,0,0,1,0,0,1,0,0,0,0,0,0
sarah c,2438,Red,45,Yes,No,No,No,2,3,0,0,0,0,0,0,1,0,0,0,0,0
Courtney,1477,Blue,45,Yes,No,No,No,2,3,0,0,1,0,0,1,0,0,0,0,0,0
skyler,4550,Blue,45,Yes,No,No,No,1,0,0,0,0,0,0,1,0,0,0,0,0,0
Jon,3663,Red,45,Yes,No,No,No,2,1,0,0,4,0,0,1,0,0,0,0,0,0
ethan,744,Blue,45,Yes,No,No,No,1,1,0,0,6,0,0,0,0,1,0,0,0,0
sarah c,1671,Red,46,Yes,No,No,No,2,1,0,0,3,1,0,0,0,1,0,0,0,0
Courtney,2714,Blue,46,Yes,No,No,No,2,1,0,2,5,0,2,1,0,0,0,0,0,0
Jon,1311,Red,46,Yes,No,No,No,0,3,2,0,0,0,0,1,0,0,0,0,0,0
skyler,2976,Blue,46,Yes,No,No,No,1,2,2,2,2,2,1,1,0,0,0,0,0,0
ethan,4087,Blue,46,Yes,No,No,No,2,1,0,0,0,0,0,0,0,1,0,0,0,0
Courtney,7443,Blue,47,Yes,No,No,No,2,3,0,0,0,0,0,0,1,0,0,0,0,0
ethan,3834,Blue,47,Yes,No,No,No,1,0,0,0,0,0,0,0,0,0,0,0,0,0
sarah c,6885,Red,47,Yes,No,No,No,0,0,0,0,0,0,0,1,0,0,0,0,0,0
Jon,7433,Red,47,Yes,No,No,No,1,0,0,0,4,0,0,1,0,0,0,0,0,0
skyler,6988,Blue,47,Yes,No,No,No,1,0,0,0,3,0,0,1,0,0,0,0,0,0
Courtney,7447,Blue,48,Yes,No,No,No,2,1,0,0,2,0,0,1,0,0,0,0,0,0
sarah c,6413,Red,48,Yes,No,No,No,2,0,0,0,0,0,0,0,0,0,1,0,0,0
Jon,4013,Red,48,Yes,No,No,No,2,2,0,0,2,0,0,1,0,0,0,0,0,0
skyler,4183,Blue,48,Yes,No,No,No,1,1,0,0,4,0,0,0,0,1,0,0,0,0
hailey,4020,Red,48,Yes,No,No,No,2,4,0,0,4,0,0,0,0,0,0,0,0,0
ethan,5700,Blue,48,Yes,No,No,No,2,4,0,0,0,0,0,0,0,0,0,0,0,0
Jon,6704,Red,49,Yes,No,No,No,1,0,0,0,0,0,0,1,0,0,0,0,0,0
Courtney,3735,Blue,49,Yes,No,No,No,2,3,1,0,1,0,0,1,0,0,0,0,0,0
hailey,7787,Red,49,Yes,No,No,No,1,0,0,0,3,0,0,0,0,0,1,0,0,0
ethan,7461,Blue,49,Yes,No,No,No,2,1,0,0,0,0,0,0,0,0,0,0,0,0
sarah c,2046,Red,49,Yes,No,No,No,2,6,0,0,0,0,0,0,0,0,0,0,0,0
skyler,3635,Blue,49,Yes,No,No,No,1,1,0,0,6,0,0,0,0,0,0,0,0,0
Hailey,2441,Red,47,Yes,No,No,No,2,0,0,0,0,0,0,1,0,0,0,0,0,0
Hailey,2710,Red,46,Yes,No,No,No,4,0,0,0,5,0,0,0,1,0,0,0,0,0
Hailey,4192,Red,45,Yes,No,No,No,1,1,0,0,0,0,0,1,1,0,0,0,0,0
skyler,50,Blue,4063,Yes,No,No,No,1,1,0,0,0,0,0,0,0,1,0,0,0,0
Courtney,4499,Blue,50,Yes,No,No,No,2,0,0,0,5,0,0,0,1,0,0,0,0,0
Jon,1987,Red,50,Yes,No,No,No,1,2,0,0,3,0,0,1,0,0,0,0,0,0
ethan,1477,Blue,50,Yes,No,No,No,2,2,0,2,2,0,2,1,0,0,0,0,0,0
sarah c,1072,Red,50,Yes,No,No,No,2,2,0,0,1,0,0,1,0,0,0,0,0,0
Hailey,1425,Red,50,Yes,No,No,No,1,2,0,0,0,0,0,0,0,1,0,0,0,0
Courtney,6485,Blue,51,Yes,No,No,No,2,2,0,0,3,0,0,0,1,0,0,0,0,0
skyler,744,Blue,51,Yes,No,No,No,1,1,0,0,2,0,0,0,0,1,0,0,0,0
sarah c,5013,Red,51,No,No,No,No,0,0,0,0,3,0,0,1,0,0,0,0,0,0
Jon,1899,Red,51,Yes,No,No,No,1,0,0,0,1,0,0,1,0,0,0,0,0,0
ethan,6064,Blue,51,Yes,No,No,No,2,1,0,0,2,0,0,1,0,0,0,0,0,0
Hailey,832,Red,51,Yes,No,No,No,1,4,0,0,1,0,0,1,0,0,0,0,0,0
Jon,5803,Red,52,Yes,No,No,No,2,4,0,0,5,0,0,0,0,1,0,0,0,0
Courtney,2122,Blue,52,Yes,No,No,No,1,2,1,2,1,2,2,0,0,1,0,0,0,0
sarah c,2158,Red,52,Yes,No,No,No,2,3,0,0,4,0,0,0,1,0,0,0,0,0
ethan,59,Blue,52,Yes,No,No,No,2,3,0,0,1,0,0,0,1,0,0,0,0,0
Hailey,7607,Red,52,Yes,No,No,No,2,0,0,0,0,0,0,1,0,0,0,0,0,0
Jon,2046,Red,31,Yes,No,No,No,2,2,2,2,4,2,1,0,1,1,0,0,0,0
Courtney,1987,Blue,31,Yes,No,No,No,2,1,0,0,4,0,0,1,0,0,0,0,0,0
skyler,3946,Blue,null,Yes,No,No,No,1,0,0,0,0,0,0,0,0,0,1,0,0,0
sarah c,6919,Red,31,Yes,No,No,No,1,0,0,0,0,0,0,0,1,0,0,0,0,0
ethan,4020,Blue,31,Yes,No,No,No,1,2,0,0,3,0,0,0,0,1,0,0,0,0
Hailey,3663,Red,31,Yes,No,No,No,2,2,0,0,6,0,1,0,0,1,0,0,0,0
Sarah,6838,Red,53,No,No,No,No,2,0,0,0,7,0,0,1,0,0,0,0,0,0
Court,3824,Blue,53,Yes,No,No,No,2,1,0,0,2,0,0,1,0,0,0,0,0,0
skyler,3663,Blue,53,No,No,No,No,2,0,0,0,0,0,0,1,0,0,0,0,0,0
Jon,6838,Red,53,Yes,No,No,No,2,0,0,0,5,0,0,1,0,0,0,0,0,0
ethan,3616,Blue,53,Yes,No,No,No,1,2,0,0,1,0,0,1,0,0,0,0,0,0
Sarah,3476,Red,54,Yes,No,No,No,1,6,0,0,3,0,0,0,0,1,0,0,0,0
Court,6907,Blue,54,Yes,No,No,No,1,2,0,0,3,0,0,1,0,0,0,0,0,0
Jon,3476,Red,54,Yes,No,No,No,1,2,2,1,2,2,0,0,0,1,0,0,0,0
ethan,4550,Blue,54,Yes,No,No,No,1,0,0,0,0,0,0,0,1,0,0,0,0,0STOPPER
Sarah,4910,Red,55,Yes,No,No,No,0,1,1,1,0,0,0,0,0,1,0,0,0,0
skyler,6934,Blue,55,Yes,No,No,No,1,0,0,0,0,0,0,0,0,1,0,0,0,0
Jon,4910,Red,55,Yes,No,No,No,1,1,1,1,0,0,0,0,0,1,0,0,0,0
Court,3794,Blue,55,No,No,No,No,2,1,1,0,0,0,0,1,0,0,0,0,0,0
hailey,3949,Red,55,Yes,No,No,No,2,0,0,0,3,0,0,1,0,0,0,0,0,0
Jon,5022,Red,56,Yes,No,No,No,1,2,0,0,3,0,0,1,0,0,0,0,0,0
Sarah,5022,Red,56,Yes,No,No,No,1,3,0,0,1,0,0,1,0,0,0,0,0,0
hailey,7451,Red,56,Yes,No,No,No,2,3,1,0,0,0,0,1,0,0,0,0,0,0
ethan,6919,Blue,56,Yes,No,No,No,1,1,0,0,1,0,0,0,0,1,0,0,0,0
Jon,2637,Red,57,Yes,No,No,No,2,0,0,0,3,0,0,0,0,0,0,0,0,0
Zac,4499,Blue,57,Yes,No,No,No,1,3,0,0,5,0,0,0,1,0,0,0,0,0
bella,744,Red,57,Yes,No,No,No,1,2,1,0,2,0,0,0,0,0,0,0,0,0
Mikayla,2992,Blue,57,Yes,No,No,No,2,4,0,0,3,0,0,0,0,1,0,0,0,0
Alyssa,2714,Red,57,Yes,No,No,No,2,1,0,2,2,0,2,0,0,0,0,0,0,0
JVD,7635,Blue,57,Yes,No,No,No,2,0,0,0,0,0,0,0,0,0,1,0,0,0
Mikayla,7607,Blue,58,Yes,No,No,No,2,0,0,0,1,0,0,0,0,0,1,1,0,0
Mikayla,7607,Blue,58,Yes,No,No,No,2,0,0,0,1,0,0,1,0,0,1,0,0,0
Zac,2976,Blue,58,Yes,No,No,No,1,2,0,0,0,0,0,0,0,0,1,0,0,0
Alyssa,1899,Red,58,Yes,No,No,No,1,0,0,0,2,0,0,1,0,0,0,0,0,0
Jon,1425,Red,58,Yes,No,No,No,1,2,0,0,6,0,0,1,0,0,0,0,0,0
Jon,6907,Red,59,Yes,No,No,No,1,2,0,0,4,0,0,0,1,0,0,0,0,0
Alyssa,7461,Red,59,Yes,No,No,No,2,0,0,0,2,0,0,0,0,0,0,0,0,0STOPPER
bella,5887,Red,59,Yes,No,No,No,2,0,0,0,6,0,0,1,0,0,0,0,0,0
bella,6067,Red,60,Yes,No,No,No,2,1,0,0,1,0,0,0,0,0,1,0,0,0
JVD,4910,Blue,60,Yes,No,No,No,1,3,1,0,4,0,0,0,1,0,0,0,0,0
Jon,6506,Red,60,Yes,No,No,No,2,0,0,0,2,0,0,1,0,0,0,0,0,0
Mikayla,2438,Blue,60,Yes,No,No,No,2,0,0,0,3,0,0,1,0,0,1,0,0,0
Zac,4063,Blue,60,No,No,No,No,1,1,0,0,3,0,0,0,0,0,0,0,0,0
Mikayla,1072,Blue,59,Yes,No,No,No,2,2,2,0,2,0,0,1,0,0,0,0,0,0
Zac,59,Blue,59,Yes,No,No,No,2,2,0,1,2,0,0,1,0,0,0,0,0,0
Zac,7443,Blue,61,Yes,No,No,No,2,2,0,0,0,0,0,0,1,0,0,0,0,0
Mikayla,6919,Blue,61,Yes,No,No,No,1,0,0,0,0,0,0,1,0,0,0,0,0,0
bella,7121,Red,61,Yes,No,No,No,2,0,0,0,8,0,0,1,0,0,0,0,0,0
Jon,2122,Red,61,Yes,No,No,No,1,1,2,2,1,0,0,0,0,1,0,0,0,0
Mikayla,2637,Blue,62,Yes,No,No,No,1,1,0,0,2,0,0,1,0,0,0,0,0,0
Jon,3616,Red,62,Yes,No,No,No,1,0,0,0,0,0,0,1,0,0,0,0,0,0
Alyssa,7451,Red,62,No,No,No,No,2,3,0,0,0,0,0,0,0,1,0,0,0,0
Zac,4020,Blue,62,Yes,No,No,No,2,3,0,0,5,0,0,0,0,1,0,0,0,0
bella,6988,Red,62,Yes,No,No,No,1,0,0,0,6,0,0,1,0,0,0,0,0,0
JVD,6934,Blue,62,Yes,No,No,No,2,0,0,0,0,0,0,1,0,0,0,0,0,0
Mikayla,2710,Blue,63,Yes,No,No,No,2,1,0,0,2,0,0,0,1,0,0,0,0,0
bella,5022,Red,63,No,No,No,No,1,1,0,0,7,0,0,1,0,0,0,0,0,0
Jon,4192,Red,63,Yes,No,No,No,1,0,0,0,0,0,0,1,0,0,0,0,0,0
Alyssa,7427,Red,63,No,No,No,No,0,4,0,0,0,0,0,1,0,0,0,0,0,0
Zac,2158,Blue,63,Yes,No,No,No,2,0,0,0,0,0,0,1,0,0,0,0,0,0
JVD,3476,Blue,63,No,No,No,No,1,2,2,1,2,2,0,0,0,1,0,0,0,0
Mikayla,6838,Blue,64,Yes,No,No,No,1,0,0,0,2,0,0,1,0,0,0,0,0,0
Zac,3663,Blue,64,Yes,No,No,No,2,4,0,0,7,0,0,0,0,1,0,0,0,0
Jon,5700,Red,64,Yes,No,No,No,2,2,0,0,5,0,0,0,0,0,0,0,0,0
bella,6485,Red,64,No,No,No,No,2,0,2,2,0,2,1,0,0,1,0,0,0,0
Alyssa,691,Red,64,Yes,No,No,No,1,2,2,0,0,0,0,1,0,0,0,0,0,0
JVD,2441,Blue,64,Yes,No,No,No,2,0,0,0,0,0,0,1,0,0,0,0,0,0
Jon,4013,Red,65,Yes,No,No,No,2,0,0,0,3,0,0,1,0,0,0,0,0,0
bella,6704,Red,65,Yes,No,No,No,1,2,0,0,0,0,0,1,0,0,0,0,0,0
JVD,3834,Blue,65,Yes,No,No,No,1,0,0,0,0,0,0,1,0,0,0,0,0,0
JVD,3834,Blue,65,Yes,No,No,No,1,0,0,0,0,0,0,1,0,0,0,0,0,0
JVD,3834,Blue,65,Yes,No,No,No,1,0,0,0,0,0,0,1,0,0,0,0,0,0
Mikayla,3946,Blue,65,Yes,No,No,No,2,0,0,0,3,0,0,0,0,0,0,0,0,1
Jon,6814,Red,66,Yes,No,No,No,1,1,0,0,0,0,0,0,0,0,0,0,0,0
Zac,4043,Blue,66,Yes,No,No,No,2,4,0,0,1,0,0,1,0,0,0,0,0,0
bella,2046,Red,66,Yes,No,No,No,2,2,2,2,3,0,0,1,0,0,0,0,0,0STOPPER
Alyssa,1477,Red,66,Yes,No,No,No,2,2,1,2,1,0,2,0,0,1,0,0,0,0
Zac,3824,Blue,65,Yes,No,No,No,2,5,0,0,0,0,0,0,0,1,0,0,0,0
Zac,3794,Blue,67,Yes,No,No,No,2,6,0,0,0,0,0,1,0,0,0,0,0,0
JVD,7787,Blue,67,Yes,No,No,No,1,0,0,0,1,0,0,0,0,0,1,0,0,0
Jon,1311,Red,67,Yes,No,No,No,2,3,2,1,2,0,0,0,0,0,0,0,0,0
Alyssa,4183,Red,67,No,No,No,No,1,2,0,0,2,0,0,0,0,1,0,0,0,0
Mikayla,4550,Blue,67,Yes,No,No,No,2,0,0,0,5,0,0,1,0,0,0,0,0,0
bella,2714,Red,67,Yes,No,No,No,2,1,0,0,3,1,2,0,0,0,0,0,0,0
Jon,7635,Red,68,Yes,No,No,No,1,0,0,0,0,0,0,0,0,0,0,0,0,0
Mikayla,2357,Blue,68,Yes,No,No,No,0,2,0,0,3,0,0,1,0,0,0,0,0,0
bella,832,Red,68,No,No,No,No,1,1,0,0,2,0,0,0,1,0,0,0,0,0
Alyssa,5803,Red,68,No,No,Yes,No,2,2,0,0,4,0,0,0,0,1,0,0,0,0
Zac,6413,Blue,68,Yes,No,No,No,2,0,0,0,0,0,0,0,0,0,1,0,0,0
JVD,1987,Blue,68,Yes,No,No,No,2,2,1,0,6,0,0,1,0,0,0,0,0,0
Jon,7607,Red,69,Yes,No,No,No,2,0,0,0,3,0,0,1,0,0,0,0,0,0
Zac,744,Blue,69,Yes,No,No,No,1,0,0,0,3,0,0,1,0,0,0,0,0,0
Mikayla,6506,Blue,69,Yes,No,No,No,2,0,0,0,4,0,0,1,0,0,0,0,0,0
JVD,4020,Blue,69,Yes,No,No,No,2,2,1,0,1,0,0,0,0,1,0,0,0,0
isabella,7443,Red,69,Yes,No,No,No,2,3,0,0,0,0,0,1,0,0,0,0,0,0
Alyssa,2441,Red,69,Yes,No,No,No,2,0,0,0,0,0,0,1,0,0,0,0,0,0
Jon,3834,Red,70,Yes,No,No,No,1,0,0,0,0,0,0,1,0,0,0,0,0,0
JVD,1425,Blue,70,Yes,No,No,No,1,1,0,0,0,0,0,0,0,1,1,0,0,0
Alyssa,3616,Red,70,Yes,No,No,No,2,6,0,0,0,0,0,1,0,0,0,0,0,0
JVD,1425,Blue,70,Yes,No,No,No,1,1,0,0,0,0,0,0,0,1,1,0,0,0
Zac,6919,Blue,70,Yes,No,No,No,1,4,0,0,0,0,0,0,0,1,0,0,0,0
Mikayla,7461,Blue,70,Yes,No,No,No,2,2,0,0,1,0,0,0,1,0,0,0,0,0
Antonio,1072,Red,71,Yes,No,No,No,1,0,0,0,0,0,0,1,0,0,0,0,0,0
Grant Cozzi,4192,Blue,71,Yes,No,No,No,2,1,0,0,0,0,0,0,1,0,0,0,0,0
Kelly,2992,Red,71,Yes,No,No,No,2,1,0,0,1,0,0,0,0,1,0,0,0,0
Court,4043,Red,70,Yes,No,No,No,1,3,0,0,5,0,0,1,0,0,0,0,0,0
hailey,4910,Blue,71,Yes,No,No,No,2,2,2,2,0,2,2,0,0,1,0,0,0,0
Daph,3635,Blue,71,No,No,No,No,0,1,0,0,7,0,0,1,0,0,0,0,0,0
Daph,3635,Blue,71,No,No,No,No,0,1,0,0,7,0,0,1,0,0,0,0,0,0
Antonio,7427,Red,72,No,No,No,No,1,0,0,0,4,0,0,1,0,0,0,0,0,0
Court,7447,Red,72,Yes,No,No,No,1,1,0,0,4,0,0,1,0,0,0,0,0,0
Kelly,4499,Red,72,Yes,No,No,No,2,4,0,0,1,0,0,0,1,0,0,0,0,0
Grant Cozzi,3663,Blue,72,Yes,No,No,No,2,4,1,0,4,0,0,0,0,1,0,0,0,0
Daph,7787,Blue,72,No,No,No,No,1,1,0,0,7,0,0,1,0,0,0,0,0,0
hailey,6814,Blue,72,Yes,No,No,No,0,0,0,0,0,0,0,0,0,0,0,0,0,0
Kelly,5700,Red,73,Yes,No,No,No,1,4,0,0,3,0,0,0,1,0,0,0,0,0
Court,2357,Red,73,Yes,No,No,No,1,1,0,0,3,0,0,1,0,0,0,0,0,0
Daph,6934,Blue,73,Yes,No,No,No,2,0,0,0,0,0,0,0,0,0,0,0,0,0
Grant Cozzi,1311,Blue,73,Yes,No,No,No,2,2,0,0,7,0,0,1,0,0,0,0,0,0
Antonio,2438,Red,74,Yes,No,No,No,0,4,0,0,0,0,0,0,1,0,0,0,0,0
Daph,4183,Blue,74,No,No,No,No,1,2,0,0,4,0,0,0,0,1,0,0,0,0
Kelly,7433,Red,74,Yes,No,No,No,1,1,0,0,4,2,0,0,0,1,0,0,0,0
Grant Cozzi,6885,Blue,74,No,No,No,No,1,0,0,0,0,0,0,1,0,0,1,0,0,0
hailey,7121,Blue,74,No,No,No,No,2,3,0,0,6,0,0,0,1,0,0,0,0,0
Court,1987,Red,74,Yes,No,No,No,2,2,4,0,0,1,0,1,0,0,0,0,0,0
Kelly,5803,Red,75,Yes,No,No,No,1,3,0,0,0,0,0,0,0,1,0,0,0,0
Antonio,2714,Red,75,Yes,No,No,No,2,0,0,2,3,0,2,0,0,1,0,0,0,0
Court,2122,Red,75,Yes,No,No,No,1,2,2,1,2,2,0,1,0,0,0,0,0,0
Grant Cozzi,3476,Blue,75,Yes,No,No,No,1,2,2,2,3,2,0,1,0,0,0,0,0,0
hailey,6064,Blue,75,Yes,No,No,No,2,0,0,0,1,0,0,0,1,0,0,0,0,0
Antonio,3735,Red,76,Yes,No,No,No,2,1,0,0,2,0,0,0,1,0,0,0,0,0
Daph,5887,Blue,76,Yes,No,No,No,2,0,0,0,3,0,0,1,0,0,0,0,0,0
Kelly,2710,Red,76,Yes,No,No,No,1,0,0,0,6,0,0,0,1,0,0,0,0,0
hailey,5013,Blue,76,Yes,No,No,No,1,1,0,0,2,0,0,1,0,0,0,0,0,0
Grant Cozzi,4013,Blue,76,Yes,No,No,No,2,1,0,0,0,0,0,1,0,0,0,0,0,0
Court,7451,Red,76,Yes,No,No,No,2,4,2,1,0,0,0,0,0,0,0,0,0,0
Court,4063,Red,77,No,No,No,No,1,1,0,0,0,0,0,0,0,1,0,0,0,0
Antonio,2637,Red,76,Yes,No,No,No,2,0,0,0,3,0,0,1,0,0,0,0,0,0
Kelly,832,Red,77,Yes,No,No,No,1,1,0,0,2,0,0,0,1,0,0,0,0,0STOPPER
Grant Cozzi,2046,Blue,77,Yes,No,No,No,2,2,1,0,3,0,0,0,0,1,0,0,0,0
hailey,1671,Blue,77,Yes,No,No,No,1,2,0,0,2,0,0,0,1,0,0,0,0,0
Daph,4087,Blue,78,Yes,No,No,No,2,1,0,0,0,0,0,0,0,1,0,0,0,0
Antonio,2976,Red,78,Yes,No,No,No,1,2,0,0,5,0,0,1,0,0,0,0,0,0
Court,6413,Red,78,Yes,No,No,No,2,0,0,0,0,0,0,1,0,0,0,0,0,0
Grant Cozzi,4550,Blue,78,Yes,No,No,No,1,3,1,0,5,0,0,1,0,0,0,0,0,0
hailey,5022,Blue,78,Yes,No,No,No,1,1,0,0,3,0,0,1,0,0,0,0,0,0
Court,6413,Red,78,Yes,No,No,No,2,0,0,0,0,0,0,1,0,0,0,0,0,0
Kelly,691,Red,78,Yes,No,No,No,2,4,2,0,0,0,0,0,0,0,1,0,0,0
Antonio,3824,Red,79,Yes,No,No,No,2,1,0,0,0,0,0,1,0,0,0,0,0,0
Court,6907,Red,79,Yes,No,No,No,1,1,0,0,7,0,0,0,1,0,0,0,0,0
hailey,3794,Blue,79,Yes,No,No,No,1,2,0,0,0,0,0,0,1,0,0,0,0,0
Kelly,2158,Red,79,No,No,No,No,2,3,0,0,0,0,0,0,1,0,0,0,0,0
Grant Cozzi,7635,Blue,79,Yes,No,No,No,2,1,0,0,1,0,0,0,0,0,0,0,0,0
Daph,1899,Blue,79,Yes,No,No,No,1,0,0,0,0,0,0,1,0,0,0,0,0,0
Antonio,7461,Red,80,Yes,No,No,No,2,1,0,0,2,0,0,0,1,0,0,0,0,0
Grant Cozzi,6838,Blue,80,Yes,No,No,No,2,1,0,0,5,0,0,1,0,0,0,0,0,0
Court,1477,Red,80,Yes,No,No,No,1,3,0,0,2,0,0,0,0,1,0,0,0,0
Daph,1311,Blue,80,Yes,No,No,No,2,1,0,0,4,0,0,1,0,0,0,0,0,0
Daph,1311,Blue,80,Yes,No,No,No,2,1,0,0,4,0,0,1,0,0,0,0,0,0
hailey,7447,Blue,80,Yes,No,No,No,1,1,0,0,0,0,0,1,0,0,0,0,0,0
Daph,1311,Blue,80,Yes,No,No,No,2,1,0,0,4,0,0,1,0,0,0,0,0,0
Daph,6704,Blue,81,Yes,No,No,No,1,0,0,0,0,0,0,1,0,0,0,0,0,0
Antonio,7443,Red,81,Yes,No,No,No,2,1,0,0,0,0,0,1,0,0,0,0,0,0
Court,3663,Red,81,Yes,No,No,No,2,2,2,0,5,2,0,1,0,0,0,0,0,0
Grant Cozzi,3476,Blue,81,Yes,No,No,No,1,1,2,1,0,2,0,0,0,0,0,0,0,0
Kelly,744,Red,81,Yes,No,No,No,1,2,2,0,5,1,0,1,0,0,0,0,0,0
hailey,4183,Blue,81,Yes,No,No,No,2,1,0,0,5,0,0,0,0,1,0,0,0,0
Antonio,59,Red,82,Yes,No,No,No,2,2,0,0,4,0,0,0,1,0,0,0,0,0
Kelly,6988,Red,82,Yes,No,No,No,1,0,0,0,0,0,0,1,0,0,0,0,0,0
Court,1425,Red,82,Yes,No,No,No,1,0,0,0,0,0,0,0,0,1,0,0,0,0
Grant Cozzi,1671,Blue,82,Yes,No,No,No,2,1,1,0,3,0,0,0,0,1,0,0,0,0
Daph,2438,Blue,82,Yes,No,No,No,2,2,1,0,0,0,0,0,1,0,0,0,0,0
hailey,5013,Blue,82,Yes,No,No,No,1,1,0,0,6,0,0,1,0,0,0,0,0,0
Daph,2046,Blue,83,Yes,No,No,No,0,2,2,1,3,1,0,0,0,1,0,0,0,0
cozzi,691,Red,83,Yes,No,No,No,0,4,2,0,0,0,0,0,0,0,0,0,0,0
Grant Cozzi,3616,Blue,83,Yes,No,No,No,1,2,0,0,0,0,0,1,0,0,0,0,0,0
Court,5022,Red,83,Yes,No,No,No,1,1,0,0,3,0,0,0,0,0,0,0,0,0
Kelly,3946,Red,83,Yes,No,No,No,2,0,0,0,4,0,0,1,0,0,0,0,0,0
hailey,2122,Blue,83,Yes,No,No,No,1,6,0,0,6,0,0,0,1,0,0,0,0,0
Court,7787,Red,84,Yes,No,No,No,1,0,0,0,4,0,0,1,0,0,0,0,0,0
Kelly,2158,Red,84,Yes,No,No,No,2,3,0,0,2,0,0,0,1,0,0,0,0,0
hailey,1072,Blue,84,Yes,No,No,No,2,3,0,0,2,0,0,1,0,0,0,0,0,0
Grant Cozzi,6413,Blue,84,Yes,No,No,No,1,0,0,0,0,0,0,0,0,0,0,0,0,0
kylie,6064,Red,84,No,No,No,No,2,2,2,0,3,2,0,0,1,0,0,0,0,0
brett,3735,Blue,85,Yes,No,No,No,2,1,0,0,3,0,0,0,1,0,0,0,0,0
Ram,4020,Blue,85,Yes,No,No,No,1,2,0,0,2,0,0,0,0,1,0,0,0,0
fernando,3834,Red,85,Yes,No,No,No,2,0,0,0,0,0,0,1,0,0,0,0,0,0
michael,4043,Blue,85,Yes,No,No,No,1,3,0,0,2,0,0,1,0,0,0,0,0,0
kylie,4499,Red,85,Yes,No,No,No,1,0,0,0,0,0,0,1,0,0,0,0,0,0
Grant Cozzi,3834,Blue,85,Yes,No,No,No,1,0,0,0,0,0,0,1,0,0,0,0,0,0
ricky,6506,Red,85,Yes,No,No,No,1,0,0,0,5,0,0,1,0,0,0,0,0,0
fernando,4192,Red,86,Yes,No,No,No,2,1,0,0,1,0,0,0,1,0,0,0,0,0
brett,6814,Blue,86,Yes,No,No,No,02,2,0,0,1,0,0,0,1,0,0,0,0,0
Grant Cozzi,4192,Red,86,Yes,No,No,No,2,1,0,0,0,0,0,0,1,0,0,0,0,0
ricky,5803,Red,86,Yes,No,No,No,02,2,0,0,1,0,0,1,0,0,0,0,0,0
michael,7433,Blue,86,Yes,No,No,No,1,1,0,0,4,0,0,1,0,0,0,0,0,0
kylie,2357,Red,86,Yes,No,No,No,1,2,0,0,3,0,0,1,0,0,0,0,0,0
Ram,4063,Blue,86,Yes,No,No,No,1,1,0,0,1,0,0,0,0,1,0,0,0,0
brett,2714,Blue,87,Yes,No,No,No,2,0,2,1,2,1,0,0,0,1,0,0,0,0
fernando,7427,Red,87,Yes,No,No,No,1,1,0,0,4,0,0,1,0,0,0,0,0,0STOPPER
ricky,3824,Red,87,Yes,No,No,No,02,0,0,0,0,0,0,1,0,0,0,0,0,0
Grant Cozzi,7427,Red,87,Yes,No,No,No,1,1,0,0,5,0,0,1,0,0,0,0,0,0
kylie,6485,Red,87,Yes,No,No,No,2,3,0,0,6,0,0,0,0,1,0,0,0,0
ricky,7607,Red,88,Yes,No,No,No,01,0,0,0,1,0,0,1,0,0,0,0,0,0
michael,1477,Blue,88,Yes,No,No,No,0,2,2,2,1,0,1,0,0,1,0,0,0,0
kylie,4013,Red,88,Yes,No,No,No,2,1,0,0,0,0,0,0,1,0,0,0,0,0
fernando,2710,Red,88,Yes,No,No,No,2,1,0,0,4,0,0,0,1,0,0,0,0,0
Ram,832,Blue,88,No,No,No,No,1,0,0,0,0,0,0,0,0,1,0,0,0,0
brett,7121,Blue,88,Yes,No,No,No,2,0,0,0,7,1,0,1,0,0,0,0,0,0
Grant Cozzi,2710,Red,88,Yes,No,No,No,1,0,0,0,3,0,0,0,1,0,0,0,0,0
fernando,6919,Red,89,Yes,No,No,No,1,1,0,0,0,0,0,0,0,1,0,0,0,0
ricky,5887,Red,89,Yes,No,No,No,02,0,0,0,4,0,0,1,0,0,0,0,0,0
michael,2637,Blue,89,Yes,No,No,No,2,0,0,0,0,0,0,0,0,0,1,0,0,0
Grant Cozzi,6919,Red,89,Yes,No,No,No,1,2,0,0,0,0,0,0,0,1,0,0,0,0
brett,6885,Blue,89,Yes,No,No,No,1,0,0,0,0,0,0,1,0,0,0,0,0,1
kylie,4910,Red,89,Yes,No,No,No,1,2,2,2,2,2,2,1,0,0,0,0,0,0
Ram,5700,Blue,89,Yes,No,No,No,1,0,0,0,3,0,0,0,0,1,0,0,0,0
Ram,9635,Blue,90,Yes,No,No,No,0,0,0,0,4,0,0,0,0,1,0,0,0,0
fernando,7451,Red,90,Yes,No,No,No,2,3,2,2,0,0,0,1,0,0,0,0,0,0
Grant Cozzi,7451,Red,90,Yes,No,No,No,2,3,2,2,0,0,0,1,0,0,0,0,0,0
ricky,6838,Red,90,Yes,No,No,No,02,0,0,0,2,0,0,1,0,0,0,0,0,0
kylie,1899,Red,90,Yes,No,No,No,2,0,0,0,0,0,0,1,0,0,0,0,0,0
brett,7635,Blue,90,No,No,No,No,2,0,0,0,1,0,0,0,0,0,0,0,0,0
ricky,3794,Red,91,Yes,No,No,No,02,0,0,0,3,0,0,1,0,0,0,0,0,0
fernando,2441,Red,91,Yes,No,No,No,2,0,0,0,0,0,0,0,0,0,0,0,0,0
Ram,2992,Blue,91,Yes,No,No,No,0,2,0,0,6,0,0,0,0,1,0,0,0,0
michael,3663,Blue,91,Yes,No,No,No,2,2,0,0,4,0,0,1,0,0,0,0,0,0
brett,2976,Blue,91,Yes,No,No,No,1,1,2,2,1,0,0,0,0,0,1,0,0,0
Grant Cozzi,2441,Red,91,Yes,No,No,No,2,0,0,0,0,0,0,0,0,0,0,0,0,0
null,null,null,null,null,null,null,null,1,2,0,0,6,0,0,1,0,0,0,0,0,0
kylie,6988,Red,91,Yes,No,No,No,2,0,0,0,0,0,0,1,0,0,1,0,0,0
null,null,null,null,null,null,null,null,1,2,0,0,6,0,0,1,0,0,0,0,0,0
null,null,null,null,null,null,null,null,1,2,0,0,6,0,0,1,0,0,0,0,0,0
Ram,2992,Blue,91,Yes,No,No,No,1,2,0,0,6,0,0,1,0,0,0,0,0,0
brett,7433,Blue,92,Yes,No,No,No,1,1,0,0,2,0,0,0,0,1,1,0,0,0
kylie,6704,Red,92,Yes,No,No,No,2,0,0,0,0,0,0,1,0,0,1,0,0,0
michael,4043,Blue,92,Yes,No,No,No,2,5,0,0,3,0,0,1,0,0,0,0,0,0
ricky,3946,Red,92,Yes,No,No,No,02,0,0,0,3,0,0,1,0,0,0,0,0,0
Grant Cozzi,744,Red,92,Yes,No,No,No,1,4,2,0,1,0,0,0,0,1,0,0,0,0
fernando,744,Red,92,Yes,No,No,No,1,2,2,0,3,0,0,0,0,1,0,0,0,0
Ram,2158,Blue,92,No,No,No,No,0,1,0,0,1,0,0,0,1,0,0,0,0,0
Ram,3824,Blue,93,Yes,No,No,No,0,1,0,0,0,0,0,0,1,0,0,0,0,0
kylie,6064,Red,93,Yes,No,No,No,2,2,0,0,2,0,0,1,0,0,0,0,0,0
fernando,7443,Red,93,Yes,No,No,No,2,1,0,0,0,0,0,0,1,0,0,0,0,0
brett,2357,Blue,93,Yes,No,No,No,1,2,0,0,5,0,0,1,0,1,0,0,0,0
Grant Cozzi,7443,Red,93,Yes,No,No,No,2,1,0,0,0,0,0,0,1,0,0,0,0,0
ricky,1477,Red,93,Yes,No,No,No,01,1,0,0,2,0,0,0,0,1,0,0,0,0
kylie,6885,Red,94,Yes,No,No,No,1,0,0,0,0,0,0,1,0,0,0,0,0,0
Ram,7787,Blue,94,Yes,No,No,No,0,0,0,0,3,0,0,1,0,0,0,0,0,0
brett,4013,Blue,94,Yes,No,No,No,2,0,0,0,1,0,0,0,1,0,0,0,0,0
fernando,59,Red,94,Yes,No,No,No,2,3,0,0,5,0,0,0,1,0,0,0,0,0
Grant Cozzi,59,Red,94,Yes,No,No,No,2,5,0,0,5,0,0,0,1,0,0,0,0,0
ricky,5803,Red,94,Yes,No,No,No,02,2,0,0,1,0,0,0,0,1,0,0,0,0
Ram,5700,Blue,95,Yes,No,No,No,2,1,0,0,0,0,0,1,0,0,0,0,0,0
kylie,2710,Red,95,Yes,No,No,No,2,0,0,0,5,0,0,0,1,0,0,0,0,0
fernando,7447,Red,95,Yes,No,No,No,2,1,0,0,0,0,0,1,0,0,0,0,0,0
brett,3635,Blue,95,Yes,No,No,No,1,2,0,0,4,0,0,1,0,0,0,0,0,0
Grant Cozzi,7447,Red,95,Yes,No,No,No,2,1,0,0,0,0,0,1,0,0,0,0,0,0
ricky,2122,Red,95,Yes,No,No,No,01,5,0,0,3,0,0,0,0,1,0,0,0,0
michael,1987,Blue,95,Yes,No,No,No,2,1,0,0,4,0,0,1,0,0,1,0,0,0
ricky,4087,Red,96,Yes,No,No,No,02,1,0,0,0,0,0,0,0,1,0,0,0,0
brett,6907,Blue,96,Yes,No,No,No,1,1,0,0,6,0,0,0,1,0,0,0,0,0
Grant Cozzi,4020,Red,96,Yes,No,No,No,2,3,0,0,3,0,0,0,1,0,0,0,0,0
fernando,4020,Red,96,Yes,No,No,No,2,2,0,0,5,0,0,0,1,0,0,0,0,0
kylie,4063,Red,96,Yes,No,No,No,1,1,0,0,3,0,0,0,1,0,0,0,0,0
Ram,2438,Blue,96,Yes,No,No,No,2,0,0,0,0,0,0,0,0,0,1,0,0,0
michael,2992,Blue,96,Yes,No,No,No,2,2,0,0,2,0,0,0,0,1,0,0,0,0
fernando,4192,Red,97,Yes,No,No,No,2,1,0,0,0,0,0,0,1,0,0,0,0,0
Grant Cozzi,4192,Red,97,Yes,No,No,No,2,2,0,0,0,0,0,0,1,0,0,0,0,0
Ram,3794,Blue,97,Yes,No,No,No,0,0,0,0,3,0,0,1,0,0,0,0,0,0
kylie,3476,Red,97,Yes,No,No,No,1,3,2,2,2,2,2,1,0,0,0,0,0,0
brett,691,Blue,97,Yes,No,No,No,2,3,2,0,0,0,0,1,0,0,0,0,0,0
michael,1425,Blue,97,Yes,No,No,No,1,0,0,0,3,2,0,0,0,1,0,0,0,0
ricky,832,Red,97,Yes,No,No,No,01,0,0,0,3,0,0,0,0,1,0,0,0,0
michael,6814,Blue,98,Yes,No,No,No,2,3,0,0,0,0,0,0,1,1,0,0,0,0
Ram,2976,Blue,98,Yes,No,No,No,1,2,0,0,4,0,0,1,0,0,0,0,0,0
brett,5887,Blue,98,Yes,No,No,No,2,0,0,0,1,0,0,1,0,0,0,0,0,0
fernando,7121,Red,98,Yes,No,No,No,2,0,0,0,6,0,0,1,0,0,0,0,0,0
kylie,2046,Red,98,Yes,No,No,No,2,2,0,1,0,0,0,0,0,0,1,0,0,0
ricky,6838,Red,98,Yes,No,No,No,01,1,0,0,0,0,0,1,0,0,0,0,0,0
Grant Cozzi,7121,Red,98,Yes,No,No,No,2,0,0,0,6,0,0,1,0,0,0,0,0,0
Sarah,6506,Red,99,Yes,No,No,No,2,0,0,0,2,0,0,1,0,0,0,0,0,0STOPPER
ivan,7607,Red,99,Yes,No,No,No,2,0,0,0,3,0,0,1,0,0,0,0,0,0
kylie,6506,Red,99,Yes,No,No,No,2,0,0,0,2,0,0,0,0,0,0,1,0,0
zac,2714,Blue,99,Yes,No,No,No,2,1,0,2,4,2,2,1,0,0,0,0,0,0
skyler,6919,Blue,99,Yes,No,No,No,1,0,0,0,0,0,0,0,0,1,0,0,0,0
hailey,7461,Red,99,Yes,No,No,No,1,0,0,0,0,0,0,0,0,0,1,0,0,0
ivan,1311,Red,100,Yes,No,No,No,2,0,0,0,7,0,0,0,0,0,0,0,0,0
ethan,2441,Blue,100,Yes,No,No,No,2,0,0,0,0,0,0,1,0,0,0,0,0,0
kylie,6413,Red,100,Yes,No,No,No,1,0,0,0,0,0,0,1,0,0,0,0,0,0
Sarah,6413,Red,100,Yes,No,No,No,1,0,0,0,0,0,0,1,0,0,0,0,0,0
zac,4910,Blue,100,Yes,No,No,No,1,2,2,0,2,2,0,1,0,0,0,0,0,0
hailey,3616,Red,100,Yes,No,No,No,2,7,0,0,0,0,0,1,0,0,0,0,0,0
skyler,2637,Blue,101,No,No,No,No,2,0,0,0,3,0,0,0,1,0,0,0,0,0
Sarah,4550,Red,101,No,No,No,No,1,3,0,0,3,0,0,1,0,0,0,0,0,0
kylie,4550,Red,101,Yes,No,No,No,1,3,0,0,2,0,0,1,0,0,0,0,0,0
zac,7427,Blue,101,Yes,No,No,No,1,2,0,0,1,0,0,0,0,1,0,0,0,0
ivan,5013,Red,101,Yes,No,No,No,1,0,0,0,3,0,0,1,0,0,0,0,0,0
hailey,3834,Red,101,Yes,No,No,No,1,0,0,0,0,0,0,1,0,0,0,0,0,0
ethan,1899,Blue,101,Yes,No,No,No,1,0,0,0,0,0,0,1,0,0,0,0,0,0
skyler,5022,Blue,102,Yes,No,No,No,1,4,0,0,2,0,0,1,0,0,0,0,0,0
Sarah,6934,Red,102,Yes,No,No,No,2,0,0,0,0,0,0,1,0,0,0,0,0,0
zac,1072,Blue,102,Yes,No,No,No,2,1,0,0,1,0,0,1,0,0,0,0,0,0
ivan,4183,Red,102,Yes,No,No,No,1,1,0,0,5,0,0,0,0,1,0,0,0,0
kylie,6934,Red,102,Yes,No,No,No,2,0,0,0,0,0,0,1,0,0,0,0,0,0
ethan,7635,Blue,102,Yes,No,No,No,2,0,0,0,3,0,0,0,0,0,0,0,0,0
hailey,3735,Red,102,Yes,No,No,No,2,4,0,0,1,0,0,0,1,0,0,0,0,0
null,null,null,null,null,null,null,null,2,1,0,0,1,0,0,1,0,0,0,0,0,0
Sarah,4020,Red,103,Yes,No,No,No,2,2,0,0,1,0,0,1,0,0,0,0,0,0
kylie,4020,Red,103,Yes,No,No,No,2,2,0,0,1,0,0,1,0,0,0,0,0,0
ethan,7787,Blue,103,Yes,No,No,No,1,0,0,0,4,0,0,0,0,0,0,0,0,0
ivan,832,Red,103,Yes,No,No,No,1,1,0,0,1,0,0,1,0,0,0,0,0,0
hailey,5887,Red,103,Yes,No,No,No,2,0,0,0,1,0,0,1,0,0,0,0,0,0
zac,4192,Blue,103,No,No,No,No,2,1,0,0,0,0,0,0,1,0,0,0,0,0
skyler,3824,Blue,104,Yes,No,No,No,2,1,0,0,2,0,0,0,1,0,0,0,0,0
ivan,4087,Red,104,Yes,No,No,No,2,1,0,0,0,0,0,1,0,0,0,0,0,0
hailey,2357,Red,104,Yes,No,No,No,1,3,0,0,4,0,0,1,0,0,0,0,0,0STOPPER
Sarah,7607,Red,104,Yes,No,No,No,2,0,0,0,1,0,0,1,0,0,0,0,0,0
zac,7461,Blue,104,Yes,No,No,No,2,0,0,0,0,0,0,0,1,0,0,0,0,0
ivan,7121,Red,105,Yes,No,No,No,2,0,0,0,5,0,0,0,1,0,0,0,0,0
Sarah,6814,Red,105,No,No,No,No,2,1,0,0,0,0,0,1,0,0,0,0,0,0
zac,6704,Blue,105,Yes,No,No,No,1,0,0,0,1,0,0,1,0,0,0,0,0,0
skyler,6064,Blue,105,Yes,No,No,No,2,2,0,0,4,0,0,1,0,0,0,0,0,0
mikayla,6814,Red,105,No,No,No,No,2,1,0,0,0,0,0,1,0,0,0,0,0,0
hailey,1425,Red,105,Yes,No,No,No,1,2,0,0,1,0,0,0,0,1,0,0,0,0
ethan,2441,Blue,105,Yes,No,No,No,2,0,0,0,0,0,0,1,0,0,0,0,0,0
mikayla,744,Blue,106,Yes,No,No,No,1,1,2,2,0,1,2,0,0,1,0,0,0,0
Sarah,744,Red,106,Yes,No,No,No,2,1,2,2,2,2,2,0,0,1,0,0,0,0
ivan,2438,Red,106,Yes,No,No,No,0,3,0,0,0,0,0,1,0,0,0,0,0,0
skyler,2046,Blue,106,Yes,No,No,No,2,3,1,1,2,2,1,0,0,1,0,0,0,0
zac,6413,Blue,106,Yes,No,No,No,1,0,0,0,0,0,0,1,0,0,0,0,0,0
ethan,7451,Blue,106,Yes,No,No,No,2,3,1,1,0,0,0,0,1,0,0,0,0,0
hailey,59,Red,106,Yes,No,No,No,2,3,1,0,1,0,0,0,1,0,0,0,0,0
kylie,3663,Red,107,Yes,No,No,No,2,1,0,0,2,0,0,0,0,1,0,0,0,0
Sarah,3663,Red,107,Yes,No,No,No,2,0,0,0,2,0,0,0,0,1,0,0,0,0
fernando,6934,Red,107,Yes,No,No,No,2,0,0,0,0,0,0,0,0,0,1,0,0,0
zac,3834,Blue,107,Yes,No,No,No,1,0,0,0,0,0,0,1,0,0,0,0,0,0
zac,3834,Blue,107,Yes,No,No,No,1,0,0,0,0,0,0,1,0,0,0,0,0,0
zac,3834,Blue,107,Yes,No,No,No,1,0,0,0,0,0,0,1,0,0,0,0,0,0
hailey,6907,Red,107,Yes,No,No,No,1,1,0,0,6,0,0,0,1,0,0,0,0,0
ethan,5308,Blue,107,Yes,No,No,No,2,5,0,0,4,0,0,0,0,1,0,0,0,0
zac,2710,Blue,108,Yes,No,No,No,2,0,0,0,6,0,0,0,1,0,0,0,0,0
Sarah,6838,Red,108,Yes,No,No,No,2,0,0,0,4,0,0,1,0,0,0,0,0,0
skyler,6919,Blue,108,Yes,No,No,No,1,0,0,0,0,0,0,0,0,1,0,0,0,0
hailey,4550,Red,108,Yes,No,No,No,1,0,0,0,0,0,0,0,1,0,0,0,0,0
kylie,6838,Red,108,Yes,No,No,No,2,0,0,0,4,0,0,1,0,0,0,0,0,0
ethan,4499,Blue,108,Yes,No,No,No,2,3,0,0,1,0,0,0,1,0,0,0,0,0
zac,3476,Blue,109,Yes,No,No,No,1,4,2,2,3,2,2,0,0,1,0,0,0,0
hailey,4063,Red,109,Yes,No,No,No,1,1,0,0,0,0,0,0,1,0,0,0,0,0STOPPER
Sarah,6485,Red,109,Yes,No,No,No,0,2,1,0,3,0,0,0,0,1,0,0,0,0
ethan,3735,Blue,109,Yes,No,No,No,2,0,0,0,5,0,0,0,1,0,0,0,0,0
Sarah,6988,Red,110,Yes,No,No,No,1,1,0,0,0,0,0,1,0,0,0,0,0,0
zac,7635,Blue,110,Yes,No,No,No,2,0,0,0,0,0,0,1,0,0,0,0,0,0
kylie,6988,Red,110,Yes,No,No,No,1,1,0,0,0,0,0,1,0,0,0,0,0,0
hailey,4013,Red,110,Yes,No,No,No,2,1,0,0,5,0,0,1,0,0,0,0,0,0
ethan,7427,Blue,110,Yes,No,No,No,1,4,0,0,4,0,0,0,0,1,0,0,0,0
hailey,1899,Red,111,No,No,No,No,1,0,0,0,1,0,0,1,0,0,0,0,0,0
zac,7447,Blue,111,No,No,No,No,1,1,0,0,0,0,0,1,0,0,0,0,0,0
Sarah,6885,Red,111,Yes,No,No,No,1,0,0,0,1,0,0,0,0,0,0,0,0,0